-- phpMyAdmin SQL Dump
-- version 5.2.1
-- https://www.phpmyadmin.net/
--
-- Host: 127.0.0.1
-- Generation Time: Sep 03, 2023 at 08:04 AM
-- Server version: 10.4.28-MariaDB
-- PHP Version: 8.0.29

SET SQL_MODE = "NO_AUTO_VALUE_ON_ZERO";
START TRANSACTION;
SET time_zone = "+00:00";


/*!40101 SET @OLD_CHARACTER_SET_CLIENT=@@CHARACTER_SET_CLIENT */;
/*!40101 SET @OLD_CHARACTER_SET_RESULTS=@@CHARACTER_SET_RESULTS */;
/*!40101 SET @OLD_COLLATION_CONNECTION=@@COLLATION_CONNECTION */;
/*!40101 SET NAMES utf8mb4 */;

--
-- Database: `gudang`
--

-- --------------------------------------------------------

--
-- Table structure for table `tbl_barang`
--

CREATE TABLE `tbl_barang` (
  `id_barang` varchar(5) NOT NULL,
  `nama_barang` varchar(100) NOT NULL,
  `jenis` int(11) NOT NULL,
  `stok_minimum` int(11) NOT NULL,
  `stok` int(11) NOT NULL DEFAULT 0,
  `satuan` int(11) NOT NULL,
  `harga` int(11) NOT NULL DEFAULT 0
) ENGINE=InnoDB DEFAULT CHARSET=latin1 COLLATE=latin1_swedish_ci;

--
-- Dumping data for table `tbl_barang`
--

INSERT INTO `tbl_barang` (`id_barang`, `nama_barang`, `jenis`, `stok_minimum`, `stok`, `satuan`, `harga`) VALUES
('B0002', 'Spidol', 1, 0, 50, 3, 5000),
('B0003', 'Kertas HVS', 1, 0, 0, 1, 50000),
('B0004', 'Mouse', 2, 0, 0, 2, 70000);

-- --------------------------------------------------------

--
-- Table structure for table `tbl_barang_keluar`
--

CREATE TABLE `tbl_barang_keluar` (
  `id_transaksi` varchar(10) NOT NULL,
  `tanggalk` date NOT NULL,
  `barang` varchar(5) NOT NULL,
  `hargak` int(11) NOT NULL DEFAULT 0,
  `jumlahk` int(11) DEFAULT NULL,
  `totalk` int(11) NOT NULL DEFAULT 0,
  `serah` varchar(255) NOT NULL DEFAULT ''
) ENGINE=InnoDB DEFAULT CHARSET=latin1 COLLATE=latin1_swedish_ci;

--
-- Dumping data for table `tbl_barang_keluar`
--

INSERT INTO `tbl_barang_keluar` (`id_transaksi`, `tanggalk`, `barang`, `hargak`, `jumlahk`, `totalk`, `serah`) VALUES
('TK-0000004', '2023-09-02', 'B0004', 70000, 25, 1750000, 'Administrasi'),
('TK-0000005', '2023-09-03', 'B0002', 5000, 50, 250000, 'Staff'),
('TK-0000006', '2023-09-03', 'B0003', 50000, 20, 1000000, 'Pencetak');

--
-- Triggers `tbl_barang_keluar`
--
DELIMITER $$
CREATE TRIGGER `hapus_stok_keluar` BEFORE DELETE ON `tbl_barang_keluar` FOR EACH ROW BEGIN
UPDATE tbl_barang SET stok=stok+OLD.jumlahk
WHERE id_barang=OLD.barang;
END
$$
DELIMITER ;
DELIMITER $$
CREATE TRIGGER `stok_keluar` AFTER INSERT ON `tbl_barang_keluar` FOR EACH ROW BEGIN
UPDATE tbl_barang SET stok=stok-NEW.jumlahk
WHERE id_barang=NEW.barang;
END
$$
DELIMITER ;

-- --------------------------------------------------------

--
-- Table structure for table `tbl_barang_masuk`
--

CREATE TABLE `tbl_barang_masuk` (
  `id_transaksi` varchar(10) NOT NULL,
  `tanggalm` date NOT NULL,
  `barang` varchar(5) NOT NULL,
  `hargam` int(11) NOT NULL DEFAULT 0,
  `jumlahm` int(11) DEFAULT NULL,
  `dari` varchar(255) NOT NULL DEFAULT '',
  `totalm` int(11) NOT NULL DEFAULT 0
) ENGINE=InnoDB DEFAULT CHARSET=latin1 COLLATE=latin1_swedish_ci;

--
-- Dumping data for table `tbl_barang_masuk`
--

INSERT INTO `tbl_barang_masuk` (`id_transaksi`, `tanggalm`, `barang`, `hargam`, `jumlahm`, `dari`, `totalm`) VALUES
('TM-0000001', '2023-09-01', 'B0003', 50000, 20, 'Bendahara Pengeluaran', 1000000),
('TM-0000003', '2023-09-01', 'B0002', 5000, 100, 'Bendahara Pengeluaran', 500000),
('TM-0000004', '2023-09-02', 'B0004', 70000, 25, 'Bendahara Pengeluaran', 1750000);

--
-- Triggers `tbl_barang_masuk`
--
DELIMITER $$
CREATE TRIGGER `hapus_stok_masuk` BEFORE DELETE ON `tbl_barang_masuk` FOR EACH ROW BEGIN
UPDATE tbl_barang SET stok=stok-OLD.jumlahm
WHERE id_barang=OLD.barang;
END
$$
DELIMITER ;
DELIMITER $$
CREATE TRIGGER `stok_masuk` AFTER INSERT ON `tbl_barang_masuk` FOR EACH ROW BEGIN
UPDATE tbl_barang SET stok=stok+NEW.jumlahm
WHERE id_barang=NEW.barang;
END
$$
DELIMITER ;

-- --------------------------------------------------------

--
-- Table structure for table `tbl_jenis`
--

CREATE TABLE `tbl_jenis` (
  `id_jenis` int(11) NOT NULL,
  `nama_jenis` varchar(50) NOT NULL
) ENGINE=InnoDB DEFAULT CHARSET=latin1 COLLATE=latin1_swedish_ci;

--
-- Dumping data for table `tbl_jenis`
--

INSERT INTO `tbl_jenis` (`id_jenis`, `nama_jenis`) VALUES
(1, 'Alat Tulis Kantor'),
(2, 'Alat Elektronik');

-- --------------------------------------------------------

--
-- Table structure for table `tbl_satuan`
--

CREATE TABLE `tbl_satuan` (
  `id_satuan` int(11) NOT NULL,
  `nama_satuan` varchar(30) NOT NULL
) ENGINE=InnoDB DEFAULT CHARSET=latin1 COLLATE=latin1_swedish_ci;

--
-- Dumping data for table `tbl_satuan`
--

INSERT INTO `tbl_satuan` (`id_satuan`, `nama_satuan`) VALUES
(1, 'Rim'),
(2, 'Unit'),
(3, 'Buah'),
(4, 'Lembar');

-- --------------------------------------------------------

--
-- Table structure for table `tbl_user`
--

CREATE TABLE `tbl_user` (
  `id_user` int(11) NOT NULL,
  `nama_user` varchar(30) NOT NULL,
  `username` varchar(30) NOT NULL,
  `password` varchar(255) NOT NULL,
  `hak_akses` enum('Administrator','Admin Gudang','Kepala Gudang') NOT NULL
) ENGINE=InnoDB DEFAULT CHARSET=latin1 COLLATE=latin1_swedish_ci;

--
-- Dumping data for table `tbl_user`
--

INSERT INTO `tbl_user` (`id_user`, `nama_user`, `username`, `password`, `hak_akses`) VALUES
(1, 'Admin', 'admin', '$2y$12$Yi/I5f1jPoQNQnh6lWoVfuz.RtZ3OHcKN6PU.I62P0fYK1tJ7xMRi', 'Administrator');

--
-- Indexes for dumped tables
--

--
-- Indexes for table `tbl_barang`
--
ALTER TABLE `tbl_barang`
  ADD PRIMARY KEY (`id_barang`);

--
-- Indexes for table `tbl_barang_keluar`
--
ALTER TABLE `tbl_barang_keluar`
  ADD PRIMARY KEY (`id_transaksi`);

--
-- Indexes for table `tbl_barang_masuk`
--
ALTER TABLE `tbl_barang_masuk`
  ADD PRIMARY KEY (`id_transaksi`);

--
-- Indexes for table `tbl_jenis`
--
ALTER TABLE `tbl_jenis`
  ADD PRIMARY KEY (`id_jenis`);

--
-- Indexes for table `tbl_satuan`
--
ALTER TABLE `tbl_satuan`
  ADD PRIMARY KEY (`id_satuan`);

--
-- Indexes for table `tbl_user`
--
ALTER TABLE `tbl_user`
  ADD PRIMARY KEY (`id_user`);

--
-- AUTO_INCREMENT for dumped tables
--

--
-- AUTO_INCREMENT for table `tbl_jenis`
--
ALTER TABLE `tbl_jenis`
  MODIFY `id_jenis` int(11) NOT NULL AUTO_INCREMENT, AUTO_INCREMENT=3;

--
-- AUTO_INCREMENT for table `tbl_satuan`
--
ALTER TABLE `tbl_satuan`
  MODIFY `id_satuan` int(11) NOT NULL AUTO_INCREMENT, AUTO_INCREMENT=5;

--
-- AUTO_INCREMENT for table `tbl_user`
--
ALTER TABLE `tbl_user`
  MODIFY `id_user` int(11) NOT NULL AUTO_INCREMENT, AUTO_INCREMENT=4;
COMMIT;

/*!40101 SET CHARACTER_SET_CLIENT=@OLD_CHARACTER_SET_CLIENT */;
/*!40101 SET CHARACTER_SET_RESULTS=@OLD_CHARACTER_SET_RESULTS */;
/*!40101 SET COLLATION_CONNECTION=@OLD_COLLATION_CONNECTION */;
